,Phenotype_E,Phenotype_E,Phenotype_E,Phenotype_E,Phenotype_E,Phenotype_E,Phenotype_E,Phenotype_E
,count,mean,std,min,25%,50%,75%,max
label,,,,,,,,
case,275369.0,-0.1200378110418993,0.6439571012034081,-3.491311931146789,-0.528110172619457,-0.07910016930125263,0.32950168890018905,2.176565456207829
control,222151.0,1.0690090117053834,0.6162215845238418,-1.3747050180502307,0.643031461532069,1.0320737040525485,1.4585212543586616,4.0457316061842175
