Phenotype,t_stat,p_value
Phenotype_A,-266.7939408881877,0.0
Phenotype_B,-25.784119705819343,1.669502663013858e-146
Phenotype_C,187.07757203303257,0.0
Phenotype_D,23.857526499431202,9.959581981567269e-126
Phenotype_E,-660.0069373884238,0.0
